A	C	D	E	F	G	H	I	K	L	M	N	Q	R	S	T	V	W	Y
A	0.166979	50	50	50	0.093624	0.15328	50	0.030232	0.15328	0.043633	0.15328	50	0.186287	0.186287	50	0.142654	0.032064	0.064146	0.087266
C	50	50	50	50	50	50	50	0.105108	50	0.15328	50	50	50	50	50	50	0.114664	0.219294	50
D	50	50	50	50	50	50	50	0.120273	50	0.166979	50	50	50	50	50	50	0.126631	0.219294	50
E	50	50	50	50	0.219294	50	50	0.074317	50	0.105108	50	50	50	50	50	50	0.079082	0.15328	0.219294
F	0.186287	50	50	50	0.109647	0.166979	50	0.034951	0.166979	0.049992	0.186287	50	0.219294	0.219294	50	0.166979	0.036978	0.072101	0.100965
G	0.219294	50	50	50	0.142654	0.219294	50	0.044839	0.219294	0.064146	0.219294	50	50	50	50	0.219294	0.047345	0.093624	0.126631
H	50	50	50	50	50	50	50	0.219294	50	50	50	50	50	50	50	50	0.219294	50	50
I	0.097153	50	50	0.166979	0.055771	0.090339	50	0.01767	0.087266	0.025125	0.093624	50	0.109647	0.114664	0.219294	0.081657	0.01907	0.036978	0.051372
K	0.219294	50	50	50	0.126631	0.186287	50	0.040189	0.186287	0.057332	0.219294	50	0.219294	50	50	0.186287	0.042457	0.084379	0.114664
L	0.100965	50	50	0.166979	0.058946	0.093624	50	0.018365	0.090339	0.026768	0.097153	50	0.114664	0.120273	0.219294	0.087266	0.019786	0.039094	0.054259
M	0.219294	50	50	50	0.120273	0.186287	50	0.039094	0.186287	0.055771	0.219294	50	0.219294	0.219294	50	0.186287	0.04131	0.081657	0.114664
N	50	50	50	50	0.186287	50	50	0.062349	50	0.090339	50	50	50	50	50	50	0.067958	0.133972	0.186287
P	0.093624	50	50	0.166979	0.054259	0.087266	50	0.01767	0.084379	0.025125	0.090339	50	0.105108	0.109647	0.219294	0.079082	0.018365	0.036978	0.049992
Q	50	50	50	50	0.15328	0.219294	50	0.047345	0.219294	0.067958	0.219294	50	50	50	50	0.219294	0.051372	0.100965	0.142654
R	50	50	50	50	0.15328	0.219294	50	0.049992	0.219294	0.072101	50	50	50	50	50	0.219294	0.054259	0.105108	0.142654
S	50	50	50	50	0.186287	50	50	0.060617	50	0.087266	50	50	50	50	50	50	0.064146	0.126631	0.166979
T	50	50	50	50	0.15328	0.219294	50	0.047345	0.219294	0.067958	0.219294	50	50	50	50	0.219294	0.051372	0.100965	0.133972
V	0.120273	50	50	0.219294	0.067958	0.109647	50	0.022002	0.105108	0.031139	0.114664	50	0.133972	0.142654	50	0.100965	0.023538	0.046075	0.064146
W	0.126631	50	50	0.219294	0.074317	0.120273	50	0.023538	0.114664	0.033007	0.120273	50	0.142654	0.15328	50	0.109647	0.025125	0.04865	0.067958
Y	0.186287	50	50	50	0.105108	0.166979	50	0.033969	0.166979	0.04865	0.186287	50	0.219294	0.219294	50	0.15328	0.035953	0.069985	0.097153
